,molecule_chembl_id,canonical_smiles,standard_value,class,MW,LogP,NumHDonors,NumHAcceptors,pIC50
1,CHEMBL273019,COc1c(O)cc2c(c1O)[C@@H]1O[C@H](CO)[C@@H](O)[C@H](O)[C@H]1OC2=O,163600.0,inactive,328.2730000000001,-1.2006000000000006,5.0,9.0,3.7862167006646956
2,CHEMBL1808738,COc1c(O)cc2c(c1O)[C@@H]1O[C@H](COC(=O)c3cccc(O)c3O)[C@@H](O)[C@H](O)[C@H]1OC2=O,321700.0,inactive,464.37900000000013,0.07529999999999987,6.0,12.0,3.49254893909803
3,CHEMBL1808739,COc1c(O)cc2c(c1O)[C@@H]1O[C@H](COC(=O)c3cc(O)c(O)c(O)c3)[C@@H](O)[C@H](O)[C@H]1OC2=O,183710.0,inactive,480.37800000000016,-0.21910000000000046,7.0,13.0,3.7358672028307414
4,CHEMBL226335,C[C@@H]1O[C@@H](OC[C@H]2O[C@@H](Oc3c(-c4ccc(O)c(O)c4)oc4cc(O)cc(O)c4c3=O)[C@H](O)[C@@H](O)[C@@H]2O)[C@H](O)[C@H](O)[C@H]1O,41900.0,inactive,610.5210000000004,-1.6871000000000003,10.0,16.0,4.377785977033705
9,CHEMBL2313697,O=C(C1CCCN1C(=S)Nc1ccc(Cl)cc1)N1CCC(c2noc3cc(F)ccc23)CC1,59400.0,inactive,487.00000000000034,5.187700000000005,1.0,4.0,4.2262135550188065
10,CHEMBL2313717,O=C(C1CCCN1C(=O)Nc1ccc(Cl)cc1)N1CCC(c2noc3cc(F)ccc23)CC1,60300.0,inactive,470.93200000000036,5.022800000000005,1.0,4.0,4.219682687859849
11,CHEMBL2313716,O=C(C1CCCN1C(=S)Nc1cccc(Cl)c1)N1CCC(c2noc3cc(F)ccc23)CC1,125700.0,inactive,487.00000000000034,5.187700000000005,1.0,4.0,3.9006647223140423
12,CHEMBL2313715,O=C(C1CCCN1C(=O)Nc1cccc(Cl)c1)N1CCC(c2noc3cc(F)ccc23)CC1,145400.0,inactive,470.93200000000036,5.022800000000005,1.0,4.0,3.837435593476981
13,CHEMBL2313714,O=C(C1CCCN1C(=S)Nc1ccc(F)cc1)N1CCC(c2noc3cc(F)ccc23)CC1,70900.0,inactive,470.54500000000036,4.6734000000000036,1.0,4.0,4.149353764816934
14,CHEMBL2313713,O=C(C1CCCN1C(=O)Nc1ccc(F)cc1)N1CCC(c2noc3cc(F)ccc23)CC1,76100.0,inactive,454.4770000000003,4.508500000000004,1.0,4.0,4.118615343229427
15,CHEMBL2313712,O=C(C1CCCN1C(=O)Nc1cccc(F)c1)N1CCC(c2noc3cc(F)ccc23)CC1,116700.0,inactive,454.4770000000003,4.508500000000004,1.0,4.0,3.9329291439546297
17,CHEMBL2313710,O=C(C1CCCN1C(=O)Nc1ccccc1F)N1CCC(c2noc3cc(F)ccc23)CC1,54800.0,inactive,454.4770000000003,4.508500000000004,1.0,4.0,4.261219441515631
19,CHEMBL2313708,COc1ccc(NC(=O)N2CCCC2C(=O)N2CCC(c3noc4cc(F)ccc34)CC2)cc1,22100.0,inactive,466.5130000000002,4.378000000000004,1.0,5.0,4.655607726314889
20,CHEMBL2313707,COc1cccc(NC(=S)N2CCCC2C(=O)N2CCC(c3noc4cc(F)ccc34)CC2)c1,20500.0,inactive,482.58100000000024,4.542900000000004,1.0,5.0,4.688246138944246
21,CHEMBL2313706,COc1cccc(NC(=O)N2CCCC2C(=O)N2CCC(c3noc4cc(F)ccc34)CC2)c1,33400.0,inactive,466.51300000000026,4.378000000000004,1.0,5.0,4.476253533188435
23,CHEMBL2313704,COc1ccccc1NC(=O)N1CCCC1C(=O)N1CCC(c2noc3cc(F)ccc23)CC1,30600.0,inactive,466.51300000000026,4.378000000000004,1.0,5.0,4.51427857351842
24,CHEMBL2313703,O=C(C1CCCN1C(=S)Nc1ccccc1)N1CCC(c2noc3cc(F)ccc23)CC1,295100.0,inactive,452.55500000000035,4.5343000000000035,1.0,4.0,3.5300307905000405
25,CHEMBL2313732,O=C(C1CCCN1C(=O)Nc1ccccc1)N1CCC(c2noc3cc(F)ccc23)CC1,340100.0,inactive,436.4870000000003,4.369400000000004,1.0,4.0,3.468393368067278
30,CHEMBL2313725,O=C(NCC(=O)N1CCC(c2noc3cc(F)ccc23)CC1)Nc1ccc(Cl)cc1,83900.0,inactive,430.8670000000002,4.148000000000002,2.0,4.0,4.0762380391713
31,CHEMBL2313723,O=C(NCC(=O)N1CCC(c2noc3cc(F)ccc23)CC1)Nc1cccc(Cl)c1,143500.0,inactive,430.8670000000002,4.148000000000002,2.0,4.0,3.843148098929989
32,CHEMBL2313722,O=C(CNC(=S)Nc1ccc(F)cc1)N1CCC(c2noc3cc(F)ccc23)CC1,70300.0,inactive,430.4800000000002,3.798600000000003,2.0,4.0,4.153044674980176
33,CHEMBL2313721,O=C(NCC(=O)N1CCC(c2noc3cc(F)ccc23)CC1)Nc1ccc(F)cc1,75800.0,inactive,414.41200000000015,3.633700000000002,2.0,4.0,4.120330794367947
34,CHEMBL2313720,O=C(NCC(=O)N1CCC(c2noc3cc(F)ccc23)CC1)Nc1cccc(F)c1,100200.0,inactive,414.41200000000015,3.633700000000002,2.0,4.0,3.9991322784687733
36,CHEMBL2313718,O=C(NCC(=O)N1CCC(c2noc3cc(F)ccc23)CC1)Nc1ccccc1F,55500.0,inactive,414.41200000000015,3.633700000000002,2.0,4.0,4.255707016877324
38,CHEMBL2313739,COc1ccc(NC(=O)NCC(=O)N2CCC(c3noc4cc(F)ccc34)CC2)cc1,19500.0,inactive,426.44800000000015,3.5032000000000023,2.0,5.0,4.709965388637482
39,CHEMBL2313738,COc1cccc(NC(=S)NCC(=O)N2CCC(c3noc4cc(F)ccc34)CC2)c1,15300.0,inactive,442.5160000000002,3.6681000000000026,2.0,5.0,4.815308569182402
40,CHEMBL2313737,COc1cccc(NC(=O)NCC(=O)N2CCC(c3noc4cc(F)ccc34)CC2)c1,21100.0,inactive,426.44800000000015,3.5032000000000023,2.0,5.0,4.675717544702307
42,CHEMBL2313735,COc1ccccc1NC(=O)NCC(=O)N1CCC(c2noc3cc(F)ccc23)CC1,20200.0,inactive,426.44800000000015,3.5032000000000023,2.0,5.0,4.694648630553377
43,CHEMBL2313734,O=C(CNC(=S)Nc1ccccc1)N1CCC(c2noc3cc(F)ccc23)CC1,380500.0,inactive,412.49000000000024,3.659500000000003,2.0,4.0,3.4196453388934085
44,CHEMBL2313733,O=C(NCC(=O)N1CCC(c2noc3cc(F)ccc23)CC1)Nc1ccccc1,390400.0,inactive,396.42200000000014,3.494600000000002,2.0,4.0,3.408490191005346
45,CHEMBL1964442,O=C(N/N=C/c1ccoc1)c1cc(O)cc(O)c1,94014.0,inactive,246.22199999999998,1.4546999999999999,3.0,5.0,4.0268074690597
46,CHEMBL1717355,O=C1NC(=S)NC1=Cc1ccco1,94134.0,inactive,194.215,0.6248000000000001,2.0,3.0,4.026253486610831
47,CHEMBL1315592,COC(=O)C1CCN(C(=O)c2cc(-c3ccco3)nc3ccccc23)CC1,94115.0,inactive,364.4010000000002,3.5200000000000022,0.0,5.0,4.026341153426423
48,CHEMBL1398682,COC(=O)Nc1ccc(S(=O)(=O)NNC(=O)c2c(O)c3ccccc3n(C)c2=O)cc1,94086.0,inactive,446.4410000000002,1.0456999999999996,4.0,8.0,4.026474994798943
49,CHEMBL95615,C=CCNC(=S)NNC(=O)c1cccn(Cc2cccc(Cl)c2)c1=O,94089.0,inactive,376.8690000000001,1.8448999999999993,3.0,4.0,4.026461147226781
50,CHEMBL1425487,O=C(NNC(=S)NC(=O)c1cccs1)c1ccc(O)cc1,94035.0,inactive,321.38300000000004,1.4029999999999991,4.0,5.0,4.02671047110536
51,CHEMBL3192648,O=C(N/N=C/c1cc(Br)cc(Br)c1O)c1cccc(N2CCCC2=O)c1,94087.0,inactive,481.14400000000023,3.8079000000000027,2.0,4.0,4.026470378892497
52,CHEMBL1516401,COC(=O)Nc1ccc(S(=O)(=O)NNC(=O)c2c(O)nc3ccccc3c2O)cc1,94115.0,inactive,432.41400000000016,1.447599999999999,5.0,8.0,4.026341153426423
53,CHEMBL3196810,COc1ccc(CC(=O)N/N=C/c2cc([N+](=O)[O-])cc(Br)c2O)cc1,94085.0,inactive,408.208,2.7643000000000004,2.0,6.0,4.026479610754451
54,CHEMBL2359560,Cc1onc(-c2ccccc2)c1C(=O)NN=Cc1cc(Cl)cc(Cl)c1O,94022.0,inactive,390.2260000000001,4.426320000000002,2.0,5.0,4.026770514903504
55,CHEMBL1968928,Oc1ccc(/C=N/N=C/c2ccc(O)c(O)c2)cc1O,94125.0,inactive,272.26,1.962000000000001,4.0,6.0,4.026295010791243
56,CHEMBL2311878,O=C(CP(=O)(c1ccccc1)c1ccccc1)N/N=C/c1cc(Br)cc(Br)c1O,94181.0,inactive,536.1600000000001,4.381400000000003,2.0,4.0,4.02603670259391
57,CHEMBL1502723,CCOC(=O)C1=C(NC(=O)Nc2ccc(Cl)c(Cl)c2)Nc2ccccc2N=C1CC,94100.0,inactive,447.3220000000002,5.497800000000003,3.0,5.0,4.026410376572743
58,CHEMBL1464852,O=C(NNC(=O)c1ccc2ccccc2c1O)NC1CCCCC1,94106.0,inactive,327.38400000000024,2.8221000000000016,4.0,3.0,4.026382685990165
59,CHEMBL1494426,CCOc1ccc(C(=O)CCC(=O)NNC(=O)c2ccccc2O)cc1,94094.0,inactive,356.378,2.215,3.0,5.0,4.026438068920982
60,CHEMBL1970872,Cc1cc(C(=O)N/N=C/c2cc(Cl)cc([N+](=O)[O-])c2O)c2ccccc2n1,94084.0,inactive,384.7790000000001,3.574320000000002,2.0,6.0,4.02648422675902
61,CHEMBL1477425,O=C(NNC(=O)c1ccc2ccccc2c1O)c1cccs1,94125.0,inactive,312.35,2.681700000000001,3.0,4.0,4.026295010791243
62,CHEMBL3192715,CC1CCCC(C)N1/N=C/c1ccc(O)c(O)c1,94054.0,inactive,248.32600000000002,2.694600000000002,2.0,4.0,4.026622729715015
63,CHEMBL1494506,CC(=O)NC(CC(=O)NNC(=O)c1cc2ccccc2cc1O)c1ccccc1,94082.0,inactive,391.42700000000013,2.573900000000001,4.0,4.0,4.026493458915349
64,CHEMBL1594616,CN=C(S)NNC(=O)c1cccn(Cc2ccc(Cl)c(Cl)c2)c1=O,94012.0,inactive,385.2760000000001,2.3534000000000006,3.0,4.0,4.026816708090088
65,CHEMBL3193886,O=c1c2c(-c3ccc(Cl)cc3)csc2ncn1/N=C/c1cccc([N+](=O)[O-])c1O,94115.0,inactive,426.8410000000001,4.274400000000003,1.0,8.0,4.026341153426423
66,CHEMBL1497680,CCn1c(C)nc2cc(C(=O)NNC(=S)NC(=O)c3ccccc3)ccc21,94115.0,inactive,381.4610000000001,2.3139199999999995,3.0,5.0,4.026341153426423
67,CHEMBL3214310,C/C(=N\OCc1nc2ccccc2c(=O)n1/N=C/c1cc(C)cc([N+](=O)[O-])c1O)c1ccccc1,94098.0,inactive,471.47300000000024,4.141720000000003,1.0,9.0,4.026419607159294
68,CHEMBL1369835,O=C(CCN1C(=O)/C(=C\c2ccccc2)SC1=S)NNC(=O)c1ccccc1O,94115.0,inactive,427.5070000000001,2.4447000000000005,3.0,6.0,4.026341153426423
69,CHEMBL1379810,O=C(NC(=S)NNC(=O)c1ccccc1O)c1cccnc1,94057.0,inactive,316.34200000000004,0.736499999999999,4.0,5.0,4.026608877431568
70,CHEMBL1972774,COc1ccc(C(=O)C=CNNC(=O)c2ccc(Cl)cc2)cc1,94075.0,inactive,330.7710000000001,2.9796000000000014,2.0,4.0,4.026525773008098
71,CHEMBL1329747,COc1ccc(-c2cnnn2-c2ccc(NC(=O)c3ccc(S(=O)(=O)N4CCCCC4)cc3)cc2)cc1OC,94101.0,inactive,547.6370000000003,4.378400000000004,1.0,8.0,4.026405761353038
72,CHEMBL1560833,Cc1n[nH]c(S/C(=C\c2ccc(-c3ccc(C(=O)O)c(Cl)c3)o2)C(=O)O)n1,94106.0,inactive,405.81900000000013,3.942520000000002,3.0,6.0,4.026382685990165
73,CHEMBL1425911,COc1cccc(OCC(=O)NNC(=O)c2ccc3ccccc3c2O)c1,94104.0,inactive,366.3730000000001,2.394,3.0,5.0,4.026391915988187
74,CHEMBL3209849,COc1cc(O)c(/C=N/NC(=O)c2ccncc2)c(OC)c1[N+](=O)[O-],94106.0,inactive,346.29900000000015,1.4765,2.0,8.0,4.026382685990165
75,CHEMBL323554,C/N=C(\S)NNC(=O)c1cccn(Cc2cccc(Cl)c2)c1=O,94115.0,inactive,350.8310000000001,1.7000000000000004,3.0,4.0,4.026341153426423
76,CHEMBL1426155,COc1ccccc1NC(=O)NNC(=O)c1cc2ccccc2cc1O,94106.0,inactive,351.3620000000001,3.0205000000000006,4.0,4.0,4.026382685990165
77,CHEMBL3197902,O=C(N/N=C/c1cc(Br)ccc1O)c1cccc(N2CCCC2=O)c1,94105.0,inactive,402.2480000000002,3.0454000000000008,2.0,4.0,4.026387300964656
78,CHEMBL1560921,CCc1ccc(NC(=O)NNC(=O)c2ccc3ccccc3c2O)cc1,94115.0,inactive,349.39000000000004,3.574300000000001,4.0,3.0,4.026341153426423
79,CHEMBL3144976,Cc1[nH]n(-c2ccccc2)c(=O)c1N=Nc1ccccc1O,94115.0,inactive,294.314,3.595020000000002,2.0,5.0,4.026341153426423
80,CHEMBL3208691,O=C(N/N=C/c1cc([N+](=O)[O-])cc([N+](=O)[O-])c1O)/C(=C\c1cccs1)NC(=O)c1ccccc1,94080.0,inactive,481.44600000000014,3.191300000000001,3.0,9.0,4.026502691267937
81,CHEMBL1537113,COc1ccc(C(=O)NNC(=S)NC(=O)c2cccnc2)cc1,94104.0,inactive,330.369,1.0394999999999994,3.0,5.0,4.026391915988187
82,CHEMBL1426378,CN=C(S)NNC(=O)c1oc2nc(-c3ccccc3)cc(-c3ccco3)c2c1N,94090.0,inactive,407.45500000000015,3.487000000000002,4.0,6.0,4.0264565314675105
83,CHEMBL1409822,Cc1ccc(/C=C2\SC(=S)N(CCCC(=O)NNC(=O)c3ccccc3O)C2=O)cc1,94102.0,inactive,455.5610000000001,3.1432200000000003,3.0,6.0,4.026401146182377
84,CHEMBL1488474,N#C/C(=C\c1ccc(O)c(O)c1)C(=O)Nc1cccc2ncccc12,94034.0,inactive,331.3310000000001,3.1916800000000007,3.0,5.0,4.02671508956435
85,CHEMBL1498037,O=C(Cc1ccccc1)NNC(=S)NC(=O)c1cccnc1,94106.0,inactive,314.37,0.9597999999999998,3.0,4.0,4.026382685990165
86,CHEMBL3193326,COc1ccc(/C=N\NC(=O)c2cc(O)c(O)c(O)c2)cc1CN1CCN(c2ccc(F)cc2)CC1,94172.0,inactive,494.5230000000003,3.0372000000000012,4.0,8.0,4.026078206051142
87,CHEMBL1504777,CC(=O)NNC(=S)NC(=O)c1ccc(C)cc1,94012.0,inactive,251.311,0.6504199999999997,3.0,3.0,4.026816708090088
88,CHEMBL607979,O=C1Nc2ccccc2/C1=N/N=C/c1ccc(O)c(O)c1,94144.0,inactive,281.27099999999996,1.8730999999999998,3.0,5.0,4.026207353288583
89,CHEMBL1977678,Cn1c(O)c(/C=N/NC(=O)c2cc3ccccc3cc2O)c2ccccc21,94090.0,inactive,359.3850000000001,3.5066000000000015,3.0,5.0,4.0264565314675105
90,CHEMBL3196548,CNC(=S)N/N=C/c1cc(Br)cc(Br)c1O,94106.0,inactive,367.06600000000003,2.345,3.0,3.0,4.026382685990165
91,CHEMBL1980197,COc1cc(/C=N/NC(=O)c2cc(O)cc(O)c2)ccc1OC(=O)c1ccccc1,94106.0,inactive,406.3940000000002,3.089500000000001,3.0,7.0,4.026382685990165
92,CHEMBL1330257,CC(C)(C)c1ccc(C(=O)NCC(=O)NNC(=O)c2ccccc2O)cc1,94103.0,inactive,369.42100000000005,1.8806999999999992,4.0,4.0,4.026396531060761
93,CHEMBL1605524,NC(=O)CCC1NC(=S)N(Cc2ccccc2)C1=O,94134.0,inactive,277.34900000000005,0.5373999999999994,2.0,3.0,4.026253486610831
94,CHEMBL1465741,COc1cc2ccccc2cc1C(=O)NNC(=O)c1ccccc1O,94191.0,inactive,336.34700000000004,2.6288000000000005,3.0,4.0,4.02599059229277
95,CHEMBL1981446,O=C(N/N=C/c1cn(Cc2cccc(F)c2)c2ccccc12)c1cc(O)cc(O)c1,94082.0,inactive,403.4130000000001,4.003800000000004,3.0,5.0,4.026493458915349
96,CHEMBL1380444,CC1(C)CC2CC(C)(CN2S(=O)(=O)c2ccc(C(=O)Nc3cccc(S(=O)(=O)N4CCOCC4)c3)cc2)C1,94106.0,inactive,561.7260000000003,3.549100000000003,1.0,6.0,4.026382685990165
97,CHEMBL1482959,O=c1cc(-c2ccc(O)c(O)c2)oc2c1ccc1ccccc12,94105.0,inactive,304.301,4.024400000000003,2.0,4.0,4.026387300964656
98,CHEMBL1981122,CN(C)C=O.O=C(O)c1ccccc1NS(=O)(=O)c1ccc(N/N=C/c2ccc(O)c(O)c2)c([N+](=O)[O-])c1,94077.0,inactive,545.5300000000003,2.655400000000001,5.0,10.0,4.026516540164824
99,CHEMBL3193515,O=C(N/N=C/c1cccc([N+](=O)[O-])c1O)c1cccs1,94134.0,inactive,291.28799999999995,2.1258,2.0,6.0,4.026253486610831
100,CHEMBL3193676,CCc1nnc(S)n1/N=C/c1cc(OC)cc([N+](=O)[O-])c1O,94085.0,inactive,323.33400000000006,1.6337999999999997,2.0,9.0,4.026479610754451
101,CHEMBL3194876,Oc1ccc(/C=N/NC(=S)Nc2cccnc2)c(O)c1O,94106.0,inactive,304.3310000000001,1.5188999999999995,5.0,6.0,4.026382685990165
102,CHEMBL1592276,CCN(CC(=O)Nc1c(F)cccc1F)C(=O)/C=C/c1ccc2ccccc2n1,94091.0,inactive,395.4090000000001,4.0134000000000025,1.0,3.0,4.026451915757296
103,CHEMBL1332075,Cc1ccc(/C=C2\SC(=S)N(CCC(=O)NNC(=O)c3ccccc3O)C2=O)cc1,94098.0,inactive,441.53400000000016,2.75312,3.0,6.0,4.026419607159294
104,CHEMBL1300836,Cc1ccc2nc(-c3ccc(O)c(O)c3)cn2c1.Cl,94092.0,inactive,276.723,3.142720000000002,2.0,4.0,4.026447300096137
105,CHEMBL1600086,COc1ccc(/C=C2\SC(=O)N(CC(=O)NNC(=O)c3ccccc3O)C2=O)cc1OC,94096.0,inactive,457.4640000000002,1.9068999999999998,3.0,8.0,4.026428837942038
106,CHEMBL3197346,O=C(N/N=C/c1cc(Cl)cc([N+](=O)[O-])c1O)c1cccc(S(=O)(=O)N2CCOCC2)c1,94125.0,inactive,468.8750000000002,1.7386,2.0,8.0,4.026295010791243
107,CHEMBL3212364,Cc1c(NC(=S)N/N=C/c2cc([N+](=O)[O-])ccc2O)c(=O)n(-c2ccccc2)n1C,94115.0,inactive,426.4580000000002,2.4187200000000004,3.0,8.0,4.026341153426423
108,CHEMBL251172,Cn1c(SCC(=O)NNC(=O)c2ccccc2O)nnc1-c1ccccc1,94191.0,inactive,383.4330000000001,1.7409999999999994,3.0,7.0,4.02599059229277
109,CHEMBL1986342,O=C1C=C(O)c2c(O)cc(O)c(O)c2C1=O,94115.0,inactive,222.15199999999996,0.46769999999999984,4.0,6.0,4.026341153426423
110,CHEMBL1427058,COc1ccc(C(=O)NC(=S)NNC(=O)c2ccc(O)cc2)cc1[N+](=O)[O-],94104.0,inactive,390.3770000000001,1.2582999999999998,4.0,7.0,4.026391915988187
111,CHEMBL1505420,CC/C(NNC(=O)c1ccccc1O)=C1/C(=O)NC(=O)N(Cc2ccccc2)C1=O,94083.0,inactive,408.41400000000016,1.5693000000000001,4.0,6.0,4.026488842812652
112,CHEMBL1528395,Cc1ccccc1NC(=O)NNC(=O)c1ccc2ccccc2c1O,94181.0,inactive,335.36300000000006,3.320320000000001,4.0,3.0,4.02603670259391
113,CHEMBL1452684,Cc1n[nH]c(S/C(=C/c2ccc(OCc3ccc(C(=O)O)cc3)cc2)C(=O)O)n1,94101.0,inactive,411.4390000000001,3.6081200000000004,3.0,6.0,4.026405761353038
114,CHEMBL3207619,CCOC(=O)c1c(C)[nH]c(C(=O)N/N=C/c2cc([N+](=O)[O-])ccc2O)c1C,94134.0,inactive,374.3530000000001,2.1859399999999996,3.0,7.0,4.026253486610831
115,CHEMBL1449718,O=C(NNC(=O)c1ccc2ccccc2c1O)c1ccccc1Cl,94105.0,inactive,340.7660000000001,3.273600000000002,3.0,3.0,4.026387300964656
116,CHEMBL156383,Oc1ccc(C[C@H]2NCCc3cc(O)c(O)cc32)cc1O,94106.0,inactive,287.315,1.9385000000000008,5.0,5.0,4.026382685990165
117,CHEMBL1985664,COc1ccc(/C=N/NC(=O)c2cc(O)c(O)c(O)c2)cc1Cn1cc([N+](=O)[O-])cn1,94106.0,inactive,427.37300000000016,1.7288999999999997,4.0,10.0,4.026382685990165
118,CHEMBL1586651,Cc1ccc(O)c(-c2cc(C(=O)Nc3ccc(S(=O)(=O)Nc4nccc(C)n4)cc3)[nH]n2)c1,94104.0,inactive,464.5070000000001,3.2422400000000007,4.0,7.0,4.026391915988187
119,CHEMBL1320196,CC(=O)c1cccc(NC(=O)C(OC(=O)c2cccc(S(=O)(=O)N(C)c3ccccc3)c2)c2ccccc2)c1,94086.0,inactive,542.6130000000002,5.2511000000000045,1.0,6.0,4.026474994798943
120,CHEMBL3192655,O=C(CNC(=O)c1ccccc1Br)N/N=C\c1cc([N+](=O)[O-])cc(Br)c1O,94086.0,inactive,500.1030000000002,2.705500000000001,3.0,6.0,4.026474994798943
121,CHEMBL1538082,CN=C(S)NNC(=O)c1cccn(Cc2ccc(Cl)cc2Cl)c1=O,94125.0,inactive,385.2760000000001,2.3534000000000006,3.0,4.0,4.026295010791243
122,CHEMBL1561775,O=C(NNC(=O)c1ccc2ccccc2c1O)Nc1ccc(F)cc1,94082.0,inactive,339.3260000000001,3.1510000000000016,4.0,3.0,4.026493458915349
123,CHEMBL1722566,CN(CCC#N)C(=O)COC(=O)c1c2c(nc3ccccc13)/C(=C\c1ccco1)CC2,94106.0,inactive,415.4490000000002,3.843480000000003,0.0,6.0,4.026382685990165
124,CHEMBL1869804,O=C(CNC(=O)c1ccccc1F)NNC(=O)c1ccccc1O,94115.0,inactive,331.30300000000005,0.7222999999999995,4.0,4.0,4.026341153426423
125,CHEMBL1404987,CCCCCCn1c(=O)c(C(=O)Nc2ncccc2O)c(O)c2ccccc21,94172.0,inactive,381.43200000000013,3.6403000000000025,3.0,6.0,4.026078206051142
126,CHEMBL1308053,O=C(CSc1nc2ccccc2c(=O)n1-c1ccc(F)c(Cl)c1)Nc1cccc(S(=O)(=O)N2CCOCC2)c1,94172.0,inactive,589.0699999999999,3.9299000000000026,1.0,8.0,4.026078206051142
127,CHEMBL1606197,Nc1ccc([N+](=O)[O-])cc1C(=O)NNC(=O)c1ccco1,94099.0,inactive,290.235,0.8448000000000002,3.0,6.0,4.026414991841495
128,CHEMBL1992109,O=C(N/N=C/c1cc([N+](=O)[O-])ccc1O)c1cccc(N2CCCC2=O)c1,94103.0,inactive,368.3490000000002,2.1910999999999996,2.0,6.0,4.026396531060761
129,CHEMBL1704223,CCOc1ccc(Nc2ccc(N)c(S(=O)(=O)O)c2)cc1,94134.0,inactive,308.359,2.6578,3.0,5.0,4.026253486610831
130,CHEMBL3191780,C/N=c1\scc(C)n1/N=C/c1ccc(O)c(O)c1O,94106.0,inactive,279.321,1.3875199999999999,3.0,7.0,4.026382685990165
131,CHEMBL3192777,O=C(NC(C(=O)N/N=C/c1cc([N+](=O)[O-])ccc1O)c1nnc(O)c2ccccc12)c1ccccc1,94115.0,inactive,486.4440000000002,2.5705999999999998,4.0,9.0,4.026341153426423
132,CHEMBL1724080,Cc1ccc(S(=O)(=O)N2CCC(C(=O)NNC(=O)c3ccccc3O)CC2)cc1C,94091.0,inactive,431.51400000000024,1.8709399999999994,3.0,5.0,4.026451915757296
133,CHEMBL1573966,Cc1ccc(C(=O)NNC(=O)c2ccc3ccccc3c2O)cc1,94018.0,inactive,320.34800000000007,2.9286200000000013,3.0,3.0,4.026788991588548
134,CHEMBL3194441,O=C(N/N=C/c1cc(Cl)cc([N+](=O)[O-])c1O)c1ccc2c(c1)OCO2,94115.0,inactive,363.7130000000001,2.4463999999999997,2.0,7.0,4.026341153426423
135,CHEMBL1995252,COc1cc([N+](=O)[O-])cc(/C=N/NC(=O)c2cc(C)nc3ccccc23)c1O,94103.0,inactive,380.3600000000001,2.9295200000000015,2.0,7.0,4.026396531060761
136,CHEMBL1994094,C/C(=N/NC(=O)c1cc(O)c(O)c(O)c1)c1ccc([N+](=O)[O-])cc1,94125.0,inactive,331.28400000000005,1.8656,4.0,7.0,4.026295010791243
137,CHEMBL1388365,O=C(NNC(=O)C1CCN(S(=O)(=O)c2ccccc2)CC1)c1ccccc1O,94125.0,inactive,403.46000000000015,1.2540999999999998,3.0,5.0,4.026295010791243
138,CHEMBL1592387,Cc1cc(C)c(C)c(S(=O)(=O)N2CCC(C(=O)NNC(=O)c3ccccc3O)CC2)c1C,94104.0,inactive,459.56800000000015,2.4877800000000008,3.0,5.0,4.026391915988187
139,CHEMBL1450570,CCC(=O)Nc1ccc2nc3c(O)nc(S)nc3nc2c1,94082.0,inactive,301.331,1.9157999999999997,3.0,7.0,4.026493458915349
140,CHEMBL224916,O=C(Cc1nnc(NC(=O)c2ccccc2)s1)N/N=C\c1ccc(O)c(O)c1,94083.0,inactive,397.4160000000001,1.8943999999999999,4.0,8.0,4.026488842812652
141,CHEMBL1705092,O=[N+]([O-])c1cc(Br)c(O)c(/C=N/Nc2nnnn2-c2cccc3ccccc23)c1,94115.0,inactive,454.24400000000014,3.6378000000000013,2.0,9.0,4.026341153426423
142,CHEMBL3197790,O=C(CNC(=O)c1cccc(Br)c1)N/N=C/c1cc(Br)cc(Br)c1O,94115.0,inactive,534.0020000000002,3.5598000000000014,3.0,4.0,4.026341153426423
143,CHEMBL1996749,C/C(=N\NC(=O)c1nnn(-c2nonc2N)c1-c1ccccc1)c1ccccc1O,94115.0,inactive,404.39000000000004,1.7590999999999997,3.0,10.0,4.026341153426423
144,CHEMBL1378131,COc1ccc(C(=O)NNC(=S)NC(=O)c2ccc(Br)o2)cc1OC,94096.0,inactive,428.2640000000001,2.0085999999999995,3.0,6.0,4.026428837942038
145,CHEMBL3189823,O=C(N/N=C/c1cccnc1)c1cc(O)c(O)c(O)c1,94024.0,inactive,273.24799999999993,0.9622999999999997,4.0,6.0,4.026761276855751
146,CHEMBL1997990,O=C(N/N=C/c1ccc(O)c(O)c1)N/N=C/c1ccc(O)c(O)c1,94065.0,inactive,330.30000000000007,1.1761999999999997,6.0,7.0,4.026571940168969
147,CHEMBL1381679,CCOc1ccc(NC(=O)NNC(=O)c2ccc3ccccc3c2O)cc1,94088.0,inactive,365.38900000000007,3.4106000000000005,4.0,4.0,4.02646576303511
148,CHEMBL176599,O=C(O)c1cnc2c([N+](=O)[O-])cccc2c1O,93957.0,inactive,234.167,1.5467999999999997,2.0,5.0,4.027070858478571
149,CHEMBL1895253,Cc1cccc(C(=O)NCC(=O)NNC(=O)c2ccccc2O)c1,94031.0,inactive,327.34000000000003,0.8916199999999994,4.0,4.0,4.026728945236015
150,CHEMBL1479083,CC(C)C(=O)Nc1ccc(C(=O)NNC(=S)NC(=O)c2ccccc2[N+](=O)[O-])cc1,94099.0,inactive,429.4580000000002,2.1385999999999994,4.0,6.0,4.026414991841495
151,CHEMBL3192879,Cc1cc(=O)oc2cc(OCC(=O)N/N=C/c3cc([N+](=O)[O-])ccc3O)ccc12,94098.0,inactive,397.34300000000013,2.24432,2.0,8.0,4.026419607159294
152,CHEMBL1593571,COc1ccc(C(=O)NNC(=S)NC(=O)c2cccc([N+](=O)[O-])c2)cc1,94106.0,inactive,374.3780000000001,1.5526999999999997,3.0,6.0,4.026382685990165
153,CHEMBL1348579,COc1ccc(/C=C2\SC(=O)N(CC(=O)NNC(=O)c3ccccc3O)C2=O)cc1,94082.0,inactive,427.43800000000016,1.8982999999999999,3.0,7.0,4.026493458915349
154,CHEMBL1515809,O=c1cc(-c2ccc(O)c(O)c2)oc2ccc3ccccc3c12,94210.0,inactive,304.30100000000004,4.024400000000003,2.0,4.0,4.025902996205869
155,CHEMBL1343371,COc1ccc(NS(=O)(=O)c2cc(NC(=O)/C=C/c3cc(OC)c(OC)c(OC)c3)ccc2N2CCCCC2)cc1,94115.0,inactive,581.6910000000001,5.164000000000005,2.0,8.0,4.026341153426423
156,CHEMBL36303,O=C(NNC(=O)c1ccccc1O)c1ccccc1O,93941.0,inactive,272.26,1.1725999999999996,4.0,4.0,4.027144821072396
157,CHEMBL3196642,C/C(=N\NC(=O)c1ccc(-c2ccccc2)cc1)C1C(=O)c2ccccc2C1=O,94096.0,inactive,382.41900000000015,4.154700000000003,1.0,4.0,4.026428837942038
158,CHEMBL3198301,Nc1nnc(CC(=O)N/N=C\c2cc([N+](=O)[O-])ccc2O)s1,94115.0,inactive,322.30600000000004,0.42690000000000056,3.0,9.0,4.026341153426423
159,CHEMBL1397916,O=C(NNC(=O)c1ccccc1F)c1cccc(-n2cccc2)c1,94047.0,inactive,323.327,2.691200000000001,2.0,3.0,4.026655053428071
160,CHEMBL3213606,Cc1cc([N+](=O)[O-])cc(/C=N\NC(=O)C2COc3ccccc3O2)c1O,94153.0,inactive,357.32200000000006,1.89892,2.0,7.0,4.026165837488118
161,CHEMBL1456876,O=C(CN1C(=O)S/C(=C\c2ccccc2)C1=O)NNC(=O)c1ccccc1O,94115.0,inactive,397.4120000000001,1.8897,3.0,6.0,4.026341153426423
162,CHEMBL3199820,C/C(=N\NC(=O)c1nnn(-c2nonc2N)c1CN(C)c1ccccc1)c1ccccc1O,94101.0,inactive,447.4590000000001,1.7285,3.0,11.0,4.026405761353038
163,CHEMBL2001567,O=C(Cc1ccccc1)N/N=C/c1cc(Br)cc(Br)c1O,94106.0,inactive,412.081,3.6100000000000017,2.0,3.0,4.026382685990165
164,CHEMBL1405691,O=C(NNC(=O)c1cc2ccccc2cc1O)Nc1ccc(F)cc1F,94099.0,inactive,357.3160000000001,3.2901000000000016,4.0,3.0,4.026414991841495
165,CHEMBL3190021,COc1cc(/C=N/NC(=O)COc2ccc(Cl)cc2)ccc1OS(=O)(=O)c1ccc(C)cc1,94125.0,inactive,488.9490000000002,3.953820000000003,1.0,7.0,4.026295010791243
166,CHEMBL1518452,O=C(NNC(=S)NC(=O)c1cccc([N+](=O)[O-])c1)c1ccc(O)cc1,94033.0,inactive,360.35100000000006,1.2496999999999991,4.0,6.0,4.026719708072455
167,CHEMBL1613004,Oc1ccc(-c2cn3c(n2)SCC3)cc1O,94125.0,inactive,234.27999999999997,2.0669999999999997,2.0,5.0,4.026295010791243
168,CHEMBL1706454,Cl.O=C1C(Cl)=C(N2CCN(CCO)CC2)C(=O)c2c(O)ccc(O)c21,29120.0,inactive,389.23500000000007,0.9588999999999999,3.0,7.0,4.535808629359001
169,CHEMBL1484185,Cc1cccc(N2C(=O)/C(=C\NNC(=O)c3ccccc3Cl)c3ccccc3C2=O)n1,94101.0,inactive,432.8670000000002,3.5059200000000015,2.0,5.0,4.026405761353038
170,CHEMBL250574,O=C(CSc1nnc(-c2ccccc2)n1Cc1ccccc1)NNC(=O)c1ccccc1O,94075.0,inactive,459.5310000000001,3.2523000000000013,3.0,7.0,4.026525773008098
171,CHEMBL1574551,O=C(NN=Cc1sc(=O)[n-]c1-[n+]1ccc2ccccc2c1)c1ccccc1O,94125.0,inactive,390.4240000000001,1.9648999999999996,2.0,5.0,4.026295010791243
172,CHEMBL1457092,Cc1noc(C)c1COc1ccc(C(=O)NNC(=O)c2ccccc2O)cc1,94125.0,inactive,381.3880000000001,2.6508400000000005,3.0,6.0,4.026295010791243
173,CHEMBL1444958,O=C1NC(=O)N(Cc2ccco2)C(=O)/C1=C/NNC(=O)c1ccccc1O,94028.0,inactive,370.32100000000014,0.38209999999999916,4.0,7.0,4.0267428013497435
174,CHEMBL1530170,O=C(NC(=S)NNC(=O)c1cccs1)c1ccccc1,94115.0,inactive,305.384,1.6973999999999994,3.0,4.0,4.026341153426423
175,CHEMBL3195531,O=c1c2ccccc2nc(COc2ccccc2)n1/N=C/c1cc([N+](=O)[O-])ccc1O,94125.0,inactive,416.39300000000014,3.471500000000003,1.0,8.0,4.026295010791243
176,CHEMBL65675,COC(=O)c1cc(O)c(O)c(O)c1,94266.0,inactive,184.147,0.5899999999999996,3.0,5.0,4.025644920995208
177,CHEMBL1601394,O=c1cc(-c2ccc(O)cc2)oc2cc(O)c(C3OC(CO)C(O)C(O)C3O)c(O)c12,94115.0,inactive,432.38100000000014,0.09169999999999978,7.0,10.0,4.026341153426423
178,CHEMBL1557939,O=C(CCCN1C(=O)/C(=C/c2cccs2)SC1=S)NNC(=O)c1ccccc1O,94089.0,inactive,447.56300000000016,2.8963000000000014,3.0,7.0,4.026461147226781
179,CHEMBL1309217,CCC1=NN(C(=O)c2cccc([N+](=O)[O-])c2)C(O)(c2ccc(C)cc2)C1,94115.0,inactive,353.3780000000001,3.360420000000002,1.0,5.0,4.026341153426423
180,CHEMBL1546110,CC(C)C(=O)Nc1ccc(C(=O)NNC(=S)NC(=O)c2ccco2)cc1,94115.0,inactive,374.42200000000014,1.8233999999999997,4.0,5.0,4.026341153426423
181,CHEMBL1500423,O=C1/C(=C/Nc2ccccc2O)c2ccccc2C(=O)N1c1nccs1,94098.0,inactive,363.398,3.4887000000000006,2.0,6.0,4.026419607159294
182,CHEMBL1373095,O=C(Nc1cccc(S(=O)(=O)NC2=NCCC2)c1)c1cc(-c2ccco2)nc2ccccc12,94115.0,inactive,460.5150000000001,4.217700000000003,2.0,6.0,4.026341153426423
183,CHEMBL1500363,Cc1ccc(C(=O)NNC(=O)c2cc3ccccc3cc2O)cc1,94115.0,inactive,320.34800000000007,2.9286200000000013,3.0,3.0,4.026341153426423
184,CHEMBL241598,O=C(NNC(=O)c1c(O)c2ccccc2[nH]c1=O)c1ccccc1,94074.0,inactive,323.30800000000005,1.3085000000000004,4.0,4.0,4.026530389503343
185,CHEMBL3190900,Cc1nc2ccccc2c(=O)n1/N=C/c1cc(Br)cc(Br)c1O,94087.0,inactive,437.091,3.817720000000002,1.0,5.0,4.026470378892497
186,CHEMBL1409628,O=c1c(CO)cc(CO)cc(CO)c1O,93986.0,inactive,212.20099999999996,-0.7707000000000002,4.0,5.0,4.026936833374415
187,CHEMBL1874620,O=[N+]([O-])c1ccc(O)c(/C=N/NC(=S)Nc2ccc(Cl)cc2Cl)c1,94106.0,inactive,385.2320000000001,3.9277000000000006,3.0,5.0,4.026382685990165
188,CHEMBL1500597,COc1cc(Br)cc2cc(C(=O)N3CCN(C(=O)c4ccco4)CC3)c(=O)oc12,94115.0,inactive,461.2680000000003,2.755300000000001,0.0,6.0,4.026341153426423
189,CHEMBL1333208,O=C(CCNC(=O)c1ccc(Br)cc1)NNC(=O)c1ccccc1O,94115.0,inactive,406.23600000000005,1.7357999999999998,4.0,4.0,4.026341153426423
190,CHEMBL1967046,c1coc(-c2ccc3nncn3c2)c1,94172.0,inactive,185.186,1.9892999999999994,0.0,4.0,4.026078206051142
191,CHEMBL1461351,CN(C)S(=O)(=O)c1cccc(NC(=O)COC(=O)c2cc(-c3cccc(Br)c3)nc3ccccc23)c1,94125.0,inactive,568.4490000000002,4.710100000000004,1.0,6.0,4.026295010791243
192,CHEMBL1429070,Nc1ccc2nc3c(O)nc(S)nc3nc2c1,25557.0,inactive,245.26700000000002,1.1494999999999997,3.0,7.0,4.592490127036016
193,CHEMBL1500850,Cc1n[nH]c(S/C(=C/c2ccc(-c3ccc(C(=O)O)cc3)o2)C(=O)O)n1,94162.0,inactive,371.3740000000001,3.2891200000000005,3.0,6.0,4.02612432565592
194,CHEMBL1728702,Cc1cc(C)c(-c2cc(NC(=O)COC(=O)c3ccc(NC(=O)CC#N)cc3)n(-c3ccccc3)n2)cc1C,94125.0,inactive,521.5770000000002,5.1122400000000034,2.0,7.0,4.026295010791243
195,CHEMBL3192179,O=C(CCc1ccc(S(=O)(=O)N2CCOCC2)cc1)N/N=C/c1ccc(O)c(O)c1O,94079.0,inactive,449.48500000000007,0.9071999999999993,4.0,8.0,4.02650730751783
196,CHEMBL1326997,Cc1cc(C)c2c(N)c(C(=O)NN)sc2n1,94106.0,inactive,236.3,1.09884,3.0,5.0,4.026382685990165
197,CHEMBL1398098,O=C(NNC(=O)c1cc(Cl)ccc1O)c1cccc(S(=O)(=O)N2CCOCC2)c1,94106.0,inactive,439.8770000000003,1.1413,3.0,6.0,4.026382685990165
198,CHEMBL1973722,CCOC(=O)Cn1/c(=N/C(=O)c2cc(-c3cccs3)nc3ccccc23)sc2cc(S(N)(=O)=O)ccc21,94115.0,inactive,552.6590000000002,3.9311000000000025,1.0,9.0,4.026341153426423
199,CHEMBL1501132,COCCNC(=O)Nc1ccc2nc(-c3ccco3)c(-c3ccco3)nc2c1,94106.0,inactive,378.38800000000015,3.9177000000000017,2.0,6.0,4.026382685990165
200,CHEMBL1975615,COc1ccc2nc(C)cc(SCC(=O)N/N=C/c3ccc(O)c(O)c3)c2c1,94106.0,inactive,397.45600000000013,3.205420000000002,3.0,7.0,4.026382685990165
201,CHEMBL1897711,Cc1ccc(S(=O)(=O)N2CCC(C(=O)NNC(=O)c3ccccc3O)CC2)cc1,94106.0,inactive,417.4870000000002,1.5625199999999992,3.0,5.0,4.026382685990165
202,CHEMBL1975834,Cc1ccc(O)c(/C=N/NC(=O)COc2ccc3c(C)cc(=O)oc3c2)c1,94106.0,inactive,366.3730000000001,2.644540000000001,2.0,6.0,4.026382685990165
203,CHEMBL1579076,O=C1NC(=O)N(Cc2ccco2)C(=O)/C1=C/NNC(=O)c1ccccc1,94181.0,inactive,354.3220000000001,0.6764999999999991,3.0,6.0,4.02603670259391
204,CHEMBL1975961,Cc1cc([N+](=O)[O-])cc(/C=N/n2c(C)nc3ccccc3c2=O)c1O,94046.0,inactive,338.3230000000001,2.5093400000000003,1.0,7.0,4.026659671297763
205,CHEMBL1501392,Cc1c(CC(=O)N2CCN(C(=O)C3COc4ccccc4O3)CC2)c(=O)oc2c(O)c(O)ccc12,94084.0,inactive,480.4730000000003,1.5659199999999993,2.0,8.0,4.02648422675902
206,CHEMBL1367050,O=C(NNC(=O)C1CCN(S(=O)(=O)c2ccccc2C(F)(F)F)CC1)c1ccccc1O,94099.0,inactive,471.45700000000016,2.2729000000000013,3.0,5.0,4.026414991841495
207,CHEMBL66953,O=c1c(O)cccc2cc(O)c(O)c(O)c12,94087.0,inactive,220.17999999999998,1.0223999999999998,4.0,5.0,4.026470378892497
208,CHEMBL1602055,NS(=O)(=O)c1ccc(NC(=O)c2cccc(N3C(=O)c4ccccc4C3=O)c2)cc1,94106.0,inactive,421.43400000000014,2.3869000000000007,2.0,5.0,4.026382685990165
209,CHEMBL1343658,Cn1c(=O)c(C(=O)NNC(=O)c2ccccc2F)c(O)c2ccccc21,94106.0,inactive,355.3250000000001,1.4580000000000002,3.0,5.0,4.026382685990165
210,CHEMBL1310594,COc1ccccc1C(=O)NNC(=O)c1ccc(NC(=O)CC(C)C)cc1,94105.0,inactive,369.4210000000001,2.754600000000001,3.0,4.0,4.026387300964656
211,CHEMBL1519731,Cc1ccn2cc(-c3ccc(O)c(O)c3)nc2c1.Cl,94106.0,inactive,276.723,3.142720000000002,2.0,4.0,4.026382685990165
212,CHEMBL1609276,O=C1COc2ccc(C(=O)COC(=O)/C=C/c3ccc(Br)o3)cc2N1,94125.0,inactive,406.188,2.8123000000000005,1.0,6.0,4.026295010791243
213,CHEMBL1540637,COc1ccc(NC(=O)CSc2sc3c(O)cc(O)nc3c2C#N)c(OC)c1,94115.0,inactive,417.4680000000002,3.327180000000002,3.0,9.0,4.026341153426423
214,CHEMBL1412999,Cc1nc2ccccc2n1CC(=O)c1ccc(O)c(O)c1.Cl,94047.0,inactive,318.75999999999993,3.0606200000000023,2.0,5.0,4.026655053428071
215,CHEMBL1878187,COC(=O)CC1(C(=O)OC)Nc2cc(Cl)c(Cl)cc2S(=O)(=O)N1O,94153.0,inactive,399.20800000000014,1.2311999999999996,2.0,8.0,4.026165837488118
216,CHEMBL1524511,CN=C(S)NNC(=O)c1cccn(Cc2cccc(C(F)(F)F)c2)c1=O,94106.0,inactive,384.3830000000001,2.0654000000000003,3.0,4.0,4.026382685990165
217,CHEMBL1430405,O=C(NNC(=S)NC(=O)c1cccnc1)c1ccc(F)cc1,94089.0,inactive,318.333,1.169999999999999,3.0,4.0,4.026461147226781
218,CHEMBL234338,O=c1cc(-c2ccc(O)cc2)oc2c(O)c(O)c(O)c(O)c12,94228.0,inactive,302.238,1.9880000000000004,5.0,7.0,4.025820026733703
219,CHEMBL1983351,COc1cc(OC)cc(C(=O)N/N=C/c2ccc(OC)c(COc3ccc4ccccc4c3)c2)c1,94106.0,inactive,470.52500000000026,5.208500000000004,1.0,6.0,4.026382685990165
220,CHEMBL3193134,O=C(CCN1CCN(c2ccccc2)CC1)N/N=C/c1ccc(O)c(O)c1O,94115.0,inactive,384.43600000000015,1.4657999999999993,4.0,7.0,4.026341153426423
221,CHEMBL1351171,COc1ccc(C)cc1NC(=O)NNC(=O)c1cc2ccccc2cc1O,94085.0,inactive,365.38900000000007,3.3289200000000014,4.0,4.0,4.026479610754451
222,CHEMBL1344137,O=C(CCl)NNC(=O)c1c(O)nc2ccccc2c1O,94047.0,inactive,295.6820000000001,0.6457999999999999,4.0,5.0,4.026655053428071
223,CHEMBL1469656,COc1ccc(C(=O)NNC(=S)NC(=O)c2cccs2)cc1,94027.0,inactive,335.41,1.7059999999999997,3.0,5.0,4.02674742015256
224,CHEMBL1453409,Cc1ccc(OCC(=O)c2c(N)n(C)c(=O)n(C)c2=O)c([N+](=O)[O-])n1,94106.0,inactive,349.3030000000001,-0.46048,1.0,10.0,4.026382685990165
225,CHEMBL1423611,Cc1cc2oc3ccc(NCCCn4ccnc4)cc3c(=O)c2cc1C,94083.0,inactive,347.4180000000001,4.261740000000002,1.0,5.0,4.026488842812652
226,CHEMBL1532019,CCc1ccccc1NC(=O)NNC(=O)c1ccc2ccccc2c1O,94095.0,inactive,349.3900000000001,3.5743000000000014,4.0,3.0,4.026433453406985
227,CHEMBL1609550,O=C1/C(=C/c2ccco2)SC(=S)N1c1cccnc1,94093.0,inactive,288.353,3.080400000000002,0.0,5.0,4.026442684484033
228,CHEMBL398969,O=C(CSc1nnc(-c2ccccc2O)n1Cc1ccccc1)NNC(=O)c1ccccc1O,94094.0,inactive,475.53000000000014,2.957900000000001,4.0,8.0,4.026438068920982
229,CHEMBL1441430,COc1ccc(NC(=O)NNC(=O)c2ccc3ccccc3c2O)cc1OC,94098.0,inactive,381.38800000000015,3.0291000000000015,4.0,5.0,4.026419607159294
230,CHEMBL1985667,O=C(N/N=C/c1cc(Br)cc(Cl)c1O)c1ccc2c(c1)OCO2,94098.0,inactive,397.6120000000002,3.300700000000001,2.0,5.0,4.026419607159294
231,CHEMBL1344321,COc1ccc(NC(=O)NNC(=O)c2cc3ccccc3cc2O)cc1,94086.0,inactive,351.3620000000001,3.020500000000001,4.0,4.0,4.026474994798943
232,CHEMBL1407282,CC(=O)c1ccc(NC(=O)CN2C(=O)/C(=C/C(C)=C/c3ccccc3)SC2=S)cc1,94115.0,inactive,436.55800000000005,4.675400000000003,1.0,5.0,4.026341153426423
233,CHEMBL1311796,O=C(NN=C(S)NC1CCCCC1)c1ccccc1O,94082.0,inactive,293.39199999999994,2.2451000000000003,4.0,3.0,4.026493458915349
234,CHEMBL2136441,Cc1c(C(=O)NNC(=O)c2ccccc2O)oc2ccccc12,94012.0,inactive,310.309,2.5216200000000004,3.0,4.0,4.026816708090088
235,CHEMBL1407474,O=C(O)CC(CCc1ccccc1)OC1OC(CO)C(O)C(O)C1O,94115.0,inactive,356.37100000000004,-0.7210000000000001,5.0,7.0,4.026341153426423
236,CHEMBL3198823,Cc1cc(C(=O)N/N=C/c2cc(Cl)cc([N+](=O)[O-])c2O)[nH]n1,94115.0,inactive,323.696,1.74922,3.0,6.0,4.026341153426423
237,CHEMBL1502397,Cc1ccc(N2C(=O)/C(=C\NNC(=O)C3COc4ccccc4O3)c3ccccc3C2=O)cc1,94115.0,inactive,455.4700000000002,2.983720000000001,2.0,6.0,4.026341153426423
238,CHEMBL1424208,C=CCn1c(O)c(N=NC(=O)CNC(=O)/C=C/c2ccco2)c2ccccc21,94089.0,inactive,378.3880000000001,3.565800000000002,2.0,6.0,4.026461147226781
239,CHEMBL69612,O=C1NC(=S)S/C1=C\C=C\c1ccc([N+](=O)[O-])o1,94096.0,inactive,282.3020000000001,2.2328,1.0,6.0,4.026428837942038
240,CHEMBL1594376,Nc1c(C(=O)NCC2CCCO2)sc2nc3c(c(-c4ccco4)c12)CC/C3=C\c1ccco1,94115.0,inactive,461.54300000000023,5.127100000000004,2.0,7.0,4.026341153426423
241,CHEMBL2136879,O=C1C(=Cc2cn(-c3ccccc3)nc2-c2ccc(OCc3ccccc3)cc2)SC(=S)N1CCS(=O)(=O)O,94172.0,inactive,577.7090000000004,5.207300000000005,1.0,8.0,4.026078206051142
242,CHEMBL3195767,Oc1c(Br)cc(Br)cc1/C=N/NC(=S)N[C@H]1CC2C=CC1C2,94106.0,inactive,445.1800000000001,3.679800000000002,3.0,3.0,4.026382685990165
243,CHEMBL2137175,COc1ccccc1C(=O)NNC(=O)c1ccc2ccccc2c1O,94191.0,inactive,336.34700000000004,2.6288000000000014,3.0,4.0,4.02599059229277
244,CHEMBL1994988,O=[N+]([O-])c1cc(Cl)cc(/C=N/NC(=S)Nc2ccc(S(=O)(=O)N3CCOCC3)cc2)c1O,94115.0,inactive,499.95800000000037,2.2952,3.0,8.0,4.026341153426423
245,CHEMBL1996360,COC(=O)Cn1/c(=N/C(=O)c2cc(-c3cccs3)nc3ccccc23)sc2cc(S(N)(=O)=O)ccc21,94101.0,inactive,538.6320000000003,3.5410000000000013,1.0,9.0,4.026405761353038
246,CHEMBL1486204,Cc1ccccc1C(=O)NNC(=S)NC(=O)c1cccnc1,94097.0,inactive,314.37,1.3393199999999998,3.0,4.0,4.026424222526141
247,CHEMBL3197991,O=C(CSc1nc2ccccc2s1)N/N=C/c1cc([N+](=O)[O-])ccc1O,94089.0,inactive,388.4300000000002,3.152500000000002,2.0,8.0,4.026461147226781
248,CHEMBL1312820,NNC(=O)c1[nH]cnc1C(=O)Nc1ccccn1,94219.0,inactive,246.23000000000002,-0.33950000000000036,4.0,5.0,4.025861509488431
249,CHEMBL3198930,COc1ccc(C(=O)Nc2nnc(CC(=O)N/N=C/c3ccc(O)cc3O)s2)cc1,94125.0,inactive,427.4420000000001,1.9029999999999998,4.0,9.0,4.026295010791243
250,CHEMBL3190468,Cc1cc(C(=O)N/N=C/c2cc(Br)cc([N+](=O)[O-])c2O)c2ccccc2n1,94125.0,inactive,429.2300000000002,3.6834200000000017,2.0,6.0,4.026295010791243
251,CHEMBL599013,O=C(O)c1ccccc1/C=N/NC(=O)c1cc(-c2ccco2)nc2ccccc12,94115.0,inactive,385.3790000000001,3.9569000000000027,2.0,5.0,4.026341153426423
252,CHEMBL3192855,C/C(=N\NC(=O)c1c(C)nc2ccccn12)c1ccc(O)cc1O,94115.0,inactive,324.34000000000003,2.20792,3.0,6.0,4.026341153426423
253,CHEMBL1486457,CC1=NN(C(=O)c2ccccc2)C(O)(c2ccc(Br)cc2)C1,94153.0,inactive,359.22300000000007,3.516200000000002,1.0,3.0,4.026165837488118
254,CHEMBL1463926,Cc1ccc(-c2nc3cc(C(=O)NCCCn4ccnc4)ccc3c(O)c2O)cc1,94106.0,inactive,402.45400000000006,3.6380200000000027,3.0,6.0,4.026382685990165
255,CHEMBL3195985,COCCn1/c(=N/C(=O)c2cc(-c3cccs3)nc3ccccc23)sc2cc(S(N)(=O)=O)ccc21,94115.0,inactive,524.6490000000002,4.014400000000002,1.0,8.0,4.026341153426423
256,CHEMBL1463851,Cc1ccc(NC(=O)NNC(=O)c2cc3ccccc3cc2O)cc1,94098.0,inactive,335.36300000000006,3.3203200000000006,4.0,3.0,4.026419607159294
257,CHEMBL1334484,Nc1ncnc2oc(-c3ccco3)c(-c3ccco3)c12,94115.0,inactive,267.244,3.325000000000001,1.0,6.0,4.026341153426423
258,CHEMBL1581048,O=C1NC(=O)N(CCc2ccccc2)C(=O)/C1=C/NNC(=O)c1ccccc1O,94027.0,inactive,394.3870000000001,0.8315999999999995,4.0,6.0,4.02674742015256
259,CHEMBL1335838,CC1CCN(S(=O)(=O)c2ccc(NC(=O)Cn3nnc(-c4ccccc4F)n3)cc2)CC1,94072.0,inactive,458.5190000000002,2.538500000000001,1.0,7.0,4.026539622641053
260,CHEMBL1442460,O=Nc1nc(O)c(/C=C(\O)c2ccccc2)nc1NO,94210.0,inactive,274.236,2.437299999999999,4.0,8.0,4.025902996205869
261,CHEMBL1904459,Cc1ccccc1C(=O)Nc1cccc(C(=O)N/N=C/c2cc(Cl)cc([N+](=O)[O-])c2O)c1,94106.0,inactive,452.85400000000016,4.278420000000003,3.0,6.0,4.026382685990165
262,CHEMBL1403216,COc1ccccc1N(C)S(=O)(=O)c1ccc(C(=O)NNC(=O)c2ccccc2O)cc1,94104.0,inactive,455.49200000000013,2.3007,3.0,6.0,4.026391915988187
263,CHEMBL240329,COc1cccc(C(=O)NNC(=O)c2ccc3ccccc3c2O)c1,94105.0,inactive,336.34700000000004,2.628800000000001,3.0,4.0,4.026387300964656
264,CHEMBL1385451,COc1cccc(/C=C2/SC(=S)N(CC(=O)NNC(=O)c3ccccc3O)C2=O)c1,94102.0,inactive,443.5060000000001,2.0631999999999993,3.0,7.0,4.026401146182377
265,CHEMBL1447307,O=C(NNC(=O)c1ccccc1O)c1ccc(-c2ccc([N+](=O)[O-])cc2)o1,94085.0,inactive,367.3170000000001,2.6352,3.0,6.0,4.026479610754451
266,CHEMBL1736254,O=C1C(=NCCc2cc(Br)c(O)c(Br)c2)C=C(O)c2cccnc21,94153.0,inactive,452.1020000000001,4.091100000000003,2.0,5.0,4.026165837488118
267,CHEMBL3192194,Cc1cc(Br)cc(/C=N/NC(=O)c2ccc3c(c2)OCO3)c1O,94106.0,inactive,377.1940000000002,2.955720000000001,2.0,5.0,4.026382685990165
268,CHEMBL1305787,CCCCCC(=O)NC(=S)NC1C2CC3CC(C2)CC1C3,94134.0,inactive,308.4910000000001,3.382100000000002,2.0,2.0,4.026253486610831
269,CHEMBL1376200,O=c1oc2ccccc2c2oc3cc(O)c(O)cc3c12,94181.0,inactive,268.224,3.103600000000001,2.0,5.0,4.02603670259391
270,CHEMBL1310309,CCn1c(SCC(=O)c2ccc(O)c(O)c2)nnc1-c1ccccc1OC,94099.0,inactive,385.44500000000016,3.3598000000000017,2.0,8.0,4.026414991841495
271,CHEMBL3194528,O=C(N/N=C/c1cc([N+](=O)[O-])ccc1O)/C(=C\c1cccs1)NC(=O)c1ccccc1,94101.0,inactive,436.44900000000007,3.283100000000001,3.0,7.0,4.026405761353038
272,CHEMBL1704267,O=C(N/N=C/c1ccc(F)cc1)c1cc(-c2ccco2)nc2ccccc12,94106.0,inactive,359.36000000000007,4.397800000000003,1.0,4.0,4.026382685990165
273,CHEMBL2006909,Cc1cc(/C=N/n2c(COc3ccccc3C)nc3ccccc3c2=O)c(O)c([N+](=O)[O-])c1,94083.0,inactive,444.44700000000023,4.088340000000004,1.0,8.0,4.026488842812652
274,CHEMBL1906282,CN=C(S)NNC(=O)c1cccn(Cc2ccccc2)c1=O,94172.0,inactive,316.3860000000001,1.0466000000000002,3.0,4.0,4.026078206051142
275,CHEMBL2007390,Oc1ccc(/C=N/Nc2ncnc3c2ncn3Cc2ccccc2)cc1O,94104.0,inactive,360.37700000000007,2.731800000000001,3.0,8.0,4.026391915988187
276,CHEMBL1399979,CN(C(=O)COC(=O)c1cc(-c2ccco2)nc2ccccc12)C1CCS(=O)(=O)C1,94115.0,inactive,428.46600000000024,2.2971000000000004,0.0,7.0,4.026341153426423
277,CHEMBL4088576,O=C(COc1cccc2ccccc12)Nc1cccc(C(=O)O)c1,23290.0,inactive,321.3320000000001,3.555500000000001,2.0,3.0,4.632830511465319
278,CHEMBL4128067,CCCCCCCCCCCCC(=O)c1cccc(C(=O)O)c1,410820.0,inactive,318.45700000000005,5.878500000000006,1.0,2.0,3.386348421749038
279,CHEMBL4126685,CCCCCCCCCCCCCC(=O)c1c(O)cccc1OC,192090.0,inactive,334.5,6.284600000000007,1.0,3.0,3.71649524345617
280,CHEMBL4126837,CCCCCCCCCCCCCC(=O)c1c(O)cccc1O,120840.0,inactive,320.47299999999996,5.981600000000007,2.0,3.0,3.9177892833987573
281,CHEMBL1254269,O=C(CCCCCCCCc1ccccc1)c1c(O)cccc1O,19280.0,inactive,326.43600000000004,5.253900000000006,2.0,3.0,4.714892970433188
282,CHEMBL491789,COc1cccc(O)c1C(=O)CCCCCCCCc1ccc(O)cc1,104270.0,inactive,356.462,5.262500000000005,2.0,4.0,3.98184062645909
283,CHEMBL489354,O=C(CCCCCCCCc1ccc(O)cc1)c1c(O)cccc1O,40340.0,inactive,342.43500000000006,4.9595000000000065,3.0,4.0,4.394264106123253
284,CHEMBL524100,O=C(CCCCCCCCc1ccc(O)c(O)c1)c1c(O)cccc1O,14990.0,inactive,358.4340000000001,4.665100000000006,4.0,5.0,4.824198367151721
285,CHEMBL196,O=C1O[C@H]([C@@H](O)CO)C(O)=C1O,155380.0,inactive,176.124,-1.4073999999999995,4.0,6.0,3.8086048828878947
286,CHEMBL5277159,COc1ccc(C2=NN(C(N)=O)C(c3cn(-c4ccccc4)nc3-c3ccccc3)C2)cc1,43470.0,inactive,437.50300000000016,4.777700000000004,1.0,5.0,4.361810359809163
287,CHEMBL5266328,O=C(C1=C(c2ccccc2O)Oc2[nH]c(=S)[nH]c(=O)c2C1c1ccc(Cl)cc1)N1CCCCC1,13.26,active,495.98800000000034,4.739590000000003,3.0,5.0,7.877456475931246
288,CHEMBL5279919,COc1ccc(C2C(C(=O)N3CCCCC3)=C(c3ccccc3O)Oc3[nH]c(=S)[nH]c(=O)c32)cc1,8.92,active,491.5690000000001,4.094790000000002,3.0,6.0,8.049635145623878
289,CHEMBL5266358,COc1cc(C2C(C(=O)N3CCCCC3)=C(c3ccccc3O)Oc3[nH]c(=S)[nH]c(=O)c32)ccc1O,11.84,active,507.5680000000001,3.8003900000000024,4.0,7.0,7.926648297613099
290,CHEMBL5272468,O=C(C1=C(c2ccccc2O)Oc2[nH]c(=S)[nH]c(=O)c2C1c1ccc(O)cc1)N1CCCCC1,9.43,active,477.54200000000037,3.7917900000000024,4.0,6.0,8.025488307262671
291,CHEMBL5271257,O=C(C1=C(c2ccccc2O)Oc2[nH]c(=S)[nH]c(=O)c2C1c1ccccc1)N1CCCCC1,9.19,active,461.54300000000035,4.086190000000003,3.0,5.0,8.036684488613888
292,CHEMBL5285447,Cc1ccc(C2C(C(=O)N3CCCCC3)=C(c3ccccc3O)Oc3[nH]c(=S)[nH]c(=O)c32)cc1,9.27,active,475.5700000000001,4.394610000000004,3.0,5.0,8.032920265855504
293,CHEMBL5290916,O=C(C1=C(c2ccccc2O)Oc2[nH]c(=S)[nH]c(=O)c2C1c1ccc(Br)cc1)N1CCCCC1,12.49,active,540.4390000000001,4.848690000000003,3.0,5.0,7.903437561625864
294,CHEMBL5278862,O=C(C1=C(c2ccccc2O)Oc2[nH]c(=S)[nH]c(=O)c2C1c1ccc(F)cc1)N1CCCCC1,5.92,active,479.53300000000036,4.225290000000003,3.0,5.0,8.22767829327708
295,CHEMBL5270068,O=C(C1=C(c2ccccc2O)Oc2[nH]c(=S)[nH]c(=O)c2C1c1cc2ccccc2cc1O)N1CCCCC1,10.58,active,527.6020000000003,4.944990000000003,4.0,6.0,7.9755143323008335
296,CHEMBL1034,O=C([O-])Cc1ccccc1Nc1c(Cl)cccc1Cl.[Na+],18.51,active,318.135,0.03339999999999904,1.0,3.0,7.732593581247096
297,CHEMBL5272008,O=C(C1=C(c2ccccc2O)Oc2[nH]c(=S)[nH]c(=O)c2C1c1ccccc1O)N1CCCCC1,12.43,active,477.54200000000037,3.7917900000000024,4.0,6.0,7.905528871358356
